{
  "mae": 12.221622272982637,
  "mse": 286.92668432141323,
  "rmse": 16.938910364052738,
  "rho": 0.7599025936737177,
  "y_true": [
    42.868894258501065,
    53.03398401818215,
    48.52759384118717,
    69.91379705974721,
    67.37883770370706,
    89.5355564204594,
    68.66024721808975,
    50.0,
    49.90794810400107,
    56.49872147270768,
    81.12424662284798,
    97.54474363414323,
    97.54474363414323,
    58.030438371931574,
    53.85849714102531,
    40.54188880512549,
    53.94998785122574,
    85.91080336210311,
    97.54474363414323,
    24.00343786012863,
    50.55228953683342,
    66.40030811678618,
    49.26363724400336,
    2.455256365856777,
    90.65181167592985,
    50.0,
    53.85849714102531,
    48.711557303526725,
    37.73614059219312,
    51.9321294202434,
    85.4133838270865,
    50.0,
    80.02958035833291,
    50.0,
    87.87833592032835,
    97.54474363414323,
    14.223433018686771,
    49.26363724400336,
    37.563269360828336,
    69.21217783768152,
    39.83384732724953,
    46.050012148774265,
    49.44771046316657,
    89.57000510572337,
    79.37437388061464,
    97.54474363414323,
    74.90548382601366,
    50.0,
    2.455256365856777,
    51.56437324214209,
    2.455256365856777,
    51.9321294202434,
    53.49228039541688,
    50.0,
    52.39152574834706,
    88.34118629871756,
    46.050012148774265,
    50.0,
    11.73487553736184,
    67.29785473928087,
    2.455256365856777,
    51.74827500461166,
    78.20549023054933,
    97.54474363414323,
    50.0,
    47.24124461074959,
    44.68118376315084,
    50.0,
    12.80441483889645,
    60.16615267275047,
    36.70373410952743,
    94.53150601467506,
    97.54474363414323,
    48.98756640291563,
    39.393451294358464,
    38.430712075371815,
    54.22429789460686,
    42.14902195015802,
    46.966015981817854,
    53.12568673248709,
    11.284897623993226,
    34.01166567266681,
    60.782230092727296,
    2.455256365856777,
    39.13003349547192,
    2.455256365856777,
    28.410246577959374,
    49.723846807998605,
    46.50771960458313,
    97.54474363414323,
    2.455256365856777,
    97.54474363414323,
    56.77001476173856,
    64.73801693008373,
    2.455256365856777,
    48.43562675785791,
    41.87991073553265,
    97.54474363414323,
    82.33352267092977,
    61.132752485075265
  ],
  "y_pred": [
    36.42845153808594,
    50.02015686035156,
    26.901611328125,
    49.67839050292969,
    53.096275329589844,
    59.80335235595703,
    49.45969009399414,
    56.66779708862305,
    39.490478515625,
    37.972503662109375,
    66.89317321777344,
    98.42086029052734,
    97.80965423583984,
    48.66645050048828,
    83.5535888671875,
    40.88134002685547,
    50.85334014892578,
    73.92442321777344,
    74.6695556640625,
    35.00257873535156,
    66.93647003173828,
    59.62955093383789,
    50.03426742553711,
    3.2308921813964844,
    30.20505714416504,
    61.25379943847656,
    61.04623031616211,
    54.84852600097656,
    33.44892883300781,
    50.76818084716797,
    52.86731719970703,
    61.302555084228516,
    71.3901596069336,
    79.22517395019531,
    66.49108123779297,
    98.33406066894531,
    21.181032180786133,
    28.889041900634766,
    50.8306884765625,
    68.09458923339844,
    52.428462982177734,
    50.599365234375,
    49.617733001708984,
    87.6381607055664,
    52.887855529785156,
    89.0418930053711,
    47.95901870727539,
    55.7069091796875,
    20.443891525268555,
    60.72522735595703,
    38.88187789916992,
    49.41058349609375,
    50.85631561279297,
    48.996070861816406,
    51.10511016845703,
    73.66558074951172,
    33.58639907836914,
    74.50534057617188,
    24.136920928955078,
    50.48588943481445,
    49.08549880981445,
    44.892398834228516,
    56.77018356323242,
    94.33256530761719,
    79.61091613769531,
    53.817230224609375,
    59.633583068847656,
    47.37389373779297,
    21.35943603515625,
    57.96022033691406,
    44.534481048583984,
    96.57147216796875,
    66.88630676269531,
    73.87528991699219,
    48.30137634277344,
    39.24231719970703,
    54.16667556762695,
    39.47235870361328,
    33.01787567138672,
    50.901329040527344,
    26.493635177612305,
    38.42045593261719,
    45.73764419555664,
    3.8597190380096436,
    53.74617004394531,
    9.280309677124023,
    32.612388610839844,
    37.384735107421875,
    49.662086486816406,
    80.35061645507812,
    3.0643646717071533,
    88.1950912475586,
    50.4478874206543,
    34.72282409667969,
    57.95475387573242,
    65.2227783203125,
    46.97867965698242,
    95.60887145996094,
    74.11942291259766,
    57.32884216308594
  ]
}