{
  "mae": 11.211131577984956,
  "mse": 260.30023123764784,
  "rmse": 16.13382258603484,
  "rho": 0.7946743313072842,
  "y_true": [
    42.868894258501065,
    53.03398401818215,
    48.52759384118717,
    69.91379705974721,
    67.37883770370706,
    89.5355564204594,
    68.66024721808975,
    50.0,
    49.90794810400107,
    56.49872147270768,
    81.12424662284798,
    97.54474363414323,
    97.54474363414323,
    58.030438371931574,
    53.85849714102531,
    40.54188880512549,
    53.94998785122574,
    85.91080336210311,
    97.54474363414323,
    24.00343786012863,
    50.55228953683342,
    66.40030811678618,
    49.26363724400336,
    2.455256365856777,
    90.65181167592985,
    50.0,
    53.85849714102531,
    48.711557303526725,
    37.73614059219312,
    51.9321294202434,
    85.4133838270865,
    50.0,
    80.02958035833291,
    50.0,
    87.87833592032835,
    97.54474363414323,
    14.223433018686771,
    49.26363724400336,
    37.563269360828336,
    69.21217783768152,
    39.83384732724953,
    46.050012148774265,
    49.44771046316657,
    89.57000510572337,
    79.37437388061464,
    97.54474363414323,
    74.90548382601366,
    50.0,
    2.455256365856777,
    51.56437324214209,
    2.455256365856777,
    51.9321294202434,
    53.49228039541688,
    50.0,
    52.39152574834706,
    88.34118629871756,
    46.050012148774265,
    50.0,
    11.73487553736184,
    67.29785473928087,
    2.455256365856777,
    51.74827500461166,
    78.20549023054933,
    97.54474363414323,
    50.0,
    47.24124461074959,
    44.68118376315084,
    50.0,
    12.80441483889645,
    60.16615267275047,
    36.70373410952743,
    94.53150601467506,
    97.54474363414323,
    48.98756640291563,
    39.393451294358464,
    38.430712075371815,
    54.22429789460686,
    42.14902195015802,
    46.966015981817854,
    53.12568673248709,
    11.284897623993226,
    34.01166567266681,
    60.782230092727296,
    2.455256365856777,
    39.13003349547192,
    2.455256365856777,
    28.410246577959374,
    49.723846807998605,
    46.50771960458313,
    97.54474363414323,
    2.455256365856777,
    97.54474363414323,
    56.77001476173856,
    64.73801693008373,
    2.455256365856777,
    48.43562675785791,
    41.87991073553265,
    97.54474363414323,
    82.33352267092977,
    61.132752485075265
  ],
  "y_pred": [
    54.60540008544922,
    50.064334869384766,
    25.99277687072754,
    45.051414489746094,
    49.923221588134766,
    57.743919372558594,
    51.277099609375,
    51.3172607421875,
    38.884239196777344,
    52.936885833740234,
    73.16455078125,
    98.42354583740234,
    98.41984558105469,
    52.39414978027344,
    61.86377716064453,
    48.628684997558594,
    51.66230773925781,
    65.3968505859375,
    85.58269500732422,
    65.0403060913086,
    66.66542053222656,
    40.407737731933594,
    49.76374435424805,
    2.3921804428100586,
    25.5405216217041,
    52.729366302490234,
    56.28916549682617,
    51.25272750854492,
    28.03195571899414,
    54.659889221191406,
    57.944644927978516,
    61.63846969604492,
    60.43183517456055,
    35.402503967285156,
    72.98497772216797,
    98.357421875,
    23.975635528564453,
    30.137887954711914,
    51.5091552734375,
    60.224666595458984,
    53.137969970703125,
    40.36708068847656,
    47.54124450683594,
    92.49264526367188,
    55.73524856567383,
    74.53944396972656,
    57.393760681152344,
    59.022735595703125,
    8.550195693969727,
    64.78395080566406,
    21.56352996826172,
    51.012638092041016,
    52.83618927001953,
    49.53083801269531,
    44.221466064453125,
    82.8719482421875,
    18.185836791992188,
    56.12812805175781,
    12.439596176147461,
    57.123600006103516,
    42.109771728515625,
    42.682586669921875,
    57.976985931396484,
    97.9308853149414,
    74.7389907836914,
    50.48484420776367,
    56.982418060302734,
    51.98046875,
    12.138896942138672,
    50.684486389160156,
    47.79480743408203,
    95.40509796142578,
    49.9412841796875,
    59.58110809326172,
    35.89341735839844,
    40.20701599121094,
    53.28813934326172,
    49.24214172363281,
    36.12305450439453,
    53.80315399169922,
    13.815465927124023,
    47.018463134765625,
    53.21198654174805,
    2.427347183227539,
    51.09504699707031,
    4.646747589111328,
    31.588165283203125,
    43.59284973144531,
    47.28008270263672,
    71.3130111694336,
    2.365750312805176,
    78.32572174072266,
    54.96208190917969,
    26.24561309814453,
    28.525239944458008,
    56.36520004272461,
    44.523704528808594,
    96.17711639404297,
    71.53240203857422,
    55.365020751953125
  ]
}