{
  "mae": 11.661666687758178,
  "mse": 284.3308432810973,
  "rmse": 16.86211265770388,
  "rho": 0.7641777037941679,
  "y_true": [
    42.868894258501065,
    53.03398401818215,
    48.52759384118717,
    69.91379705974721,
    67.37883770370706,
    89.5355564204594,
    68.66024721808975,
    50.0,
    49.90794810400107,
    56.49872147270768,
    81.12424662284798,
    97.54474363414323,
    97.54474363414323,
    58.030438371931574,
    53.85849714102531,
    40.54188880512549,
    53.94998785122574,
    85.91080336210311,
    97.54474363414323,
    24.00343786012863,
    50.55228953683342,
    66.40030811678618,
    49.26363724400336,
    2.455256365856777,
    90.65181167592985,
    50.0,
    53.85849714102531,
    48.711557303526725,
    37.73614059219312,
    51.9321294202434,
    85.4133838270865,
    50.0,
    80.02958035833291,
    50.0,
    87.87833592032835,
    97.54474363414323,
    14.223433018686771,
    49.26363724400336,
    37.563269360828336,
    69.21217783768152,
    39.83384732724953,
    46.050012148774265,
    49.44771046316657,
    89.57000510572337,
    79.37437388061464,
    97.54474363414323,
    74.90548382601366,
    50.0,
    2.455256365856777,
    51.56437324214209,
    2.455256365856777,
    51.9321294202434,
    53.49228039541688,
    50.0,
    52.39152574834706,
    88.34118629871756,
    46.050012148774265,
    50.0,
    11.73487553736184,
    67.29785473928087,
    2.455256365856777,
    51.74827500461166,
    78.20549023054933,
    97.54474363414323,
    50.0,
    47.24124461074959,
    44.68118376315084,
    50.0,
    12.80441483889645,
    60.16615267275047,
    36.70373410952743,
    94.53150601467506,
    97.54474363414323,
    48.98756640291563,
    39.393451294358464,
    38.430712075371815,
    54.22429789460686,
    42.14902195015802,
    46.966015981817854,
    53.12568673248709,
    11.284897623993226,
    34.01166567266681,
    60.782230092727296,
    2.455256365856777,
    39.13003349547192,
    2.455256365856777,
    28.410246577959374,
    49.723846807998605,
    46.50771960458313,
    97.54474363414323,
    2.455256365856777,
    97.54474363414323,
    56.77001476173856,
    64.73801693008373,
    2.455256365856777,
    48.43562675785791,
    41.87991073553265,
    97.54474363414323,
    82.33352267092977,
    61.132752485075265
  ],
  "y_pred": [
    49.15740203857422,
    51.926177978515625,
    33.679420471191406,
    46.879600524902344,
    49.451072692871094,
    65.86627197265625,
    50.53547668457031,
    51.93631362915039,
    42.42532730102539,
    46.74951934814453,
    71.65938568115234,
    98.42243957519531,
    98.33625793457031,
    48.91961669921875,
    75.32124328613281,
    48.290870666503906,
    50.84138488769531,
    68.67416381835938,
    83.6585464477539,
    57.175987243652344,
    63.28617858886719,
    46.91585159301758,
    49.74399185180664,
    2.835845708847046,
    34.86315155029297,
    52.582801818847656,
    57.24907302856445,
    54.57674026489258,
    27.471332550048828,
    51.634986877441406,
    52.853309631347656,
    56.01374816894531,
    67.63762664794922,
    50.07566833496094,
    66.44537353515625,
    98.09754180908203,
    14.9848051071167,
    25.652780532836914,
    51.74789047241211,
    64.73644256591797,
    52.054481506347656,
    48.2169189453125,
    46.017730712890625,
    87.96054077148438,
    56.56767272949219,
    83.91312408447266,
    52.55879211425781,
    66.59858703613281,
    7.601086139678955,
    63.69111251831055,
    41.21088409423828,
    48.040584564208984,
    51.96156311035156,
    47.34869384765625,
    49.35569763183594,
    80.83572387695312,
    25.395183563232422,
    68.68805694580078,
    29.451257705688477,
    56.84299850463867,
    42.34433364868164,
    47.780921936035156,
    51.349700927734375,
    97.73274993896484,
    82.00987243652344,
    50.16739273071289,
    51.57762908935547,
    53.701446533203125,
    13.386958122253418,
    60.03171920776367,
    45.68227005004883,
    96.00260162353516,
    57.95054626464844,
    55.2232780456543,
    46.76207733154297,
    44.20600128173828,
    53.327171325683594,
    47.69514465332031,
    39.744171142578125,
    50.451820373535156,
    26.851333618164062,
    44.361412048339844,
    48.26258850097656,
    3.514984369277954,
    52.481781005859375,
    6.091032028198242,
    36.254241943359375,
    40.82704162597656,
    50.09074783325195,
    81.13062286376953,
    2.401165723800659,
    73.73486328125,
    53.09035873413086,
    16.80160140991211,
    61.70673751831055,
    57.70519256591797,
    42.99274444580078,
    95.37681579589844,
    70.38131713867188,
    55.65996170043945
  ]
}