{
  "mae": 11.804146990558348,
  "mse": 254.3043040272844,
  "rmse": 15.946921459243612,
  "rho": 0.7925585163315721,
  "y_true": [
    42.868894258501065,
    53.03398401818215,
    48.52759384118717,
    69.91379705974721,
    67.37883770370706,
    89.5355564204594,
    68.66024721808975,
    50.0,
    49.90794810400107,
    56.49872147270768,
    81.12424662284798,
    97.54474363414323,
    97.54474363414323,
    58.030438371931574,
    53.85849714102531,
    40.54188880512549,
    53.94998785122574,
    85.91080336210311,
    97.54474363414323,
    24.00343786012863,
    50.55228953683342,
    66.40030811678618,
    49.26363724400336,
    2.455256365856777,
    90.65181167592985,
    50.0,
    53.85849714102531,
    48.711557303526725,
    37.73614059219312,
    51.9321294202434,
    85.4133838270865,
    50.0,
    80.02958035833291,
    50.0,
    87.87833592032835,
    97.54474363414323,
    14.223433018686771,
    49.26363724400336,
    37.563269360828336,
    69.21217783768152,
    39.83384732724953,
    46.050012148774265,
    49.44771046316657,
    89.57000510572337,
    79.37437388061464,
    97.54474363414323,
    74.90548382601366,
    50.0,
    2.455256365856777,
    51.56437324214209,
    2.455256365856777,
    51.9321294202434,
    53.49228039541688,
    50.0,
    52.39152574834706,
    88.34118629871756,
    46.050012148774265,
    50.0,
    11.73487553736184,
    67.29785473928087,
    2.455256365856777,
    51.74827500461166,
    78.20549023054933,
    97.54474363414323,
    50.0,
    47.24124461074959,
    44.68118376315084,
    50.0,
    12.80441483889645,
    60.16615267275047,
    36.70373410952743,
    94.53150601467506,
    97.54474363414323,
    48.98756640291563,
    39.393451294358464,
    38.430712075371815,
    54.22429789460686,
    42.14902195015802,
    46.966015981817854,
    53.12568673248709,
    11.284897623993226,
    34.01166567266681,
    60.782230092727296,
    2.455256365856777,
    39.13003349547192,
    2.455256365856777,
    28.410246577959374,
    49.723846807998605,
    46.50771960458313,
    97.54474363414323,
    2.455256365856777,
    97.54474363414323,
    56.77001476173856,
    64.73801693008373,
    2.455256365856777,
    48.43562675785791,
    41.87991073553265,
    97.54474363414323,
    82.33352267092977,
    61.132752485075265
  ],
  "y_pred": [
    47.19157409667969,
    48.40650939941406,
    40.01730728149414,
    44.88097381591797,
    51.1055793762207,
    55.42973327636719,
    51.319305419921875,
    56.41465759277344,
    41.80268859863281,
    49.718109130859375,
    73.92948913574219,
    98.2479476928711,
    93.17613220214844,
    54.077735900878906,
    82.4206314086914,
    47.91722869873047,
    49.06014633178711,
    56.40195846557617,
    81.70133209228516,
    31.07839012145996,
    59.646671295166016,
    47.400299072265625,
    45.175811767578125,
    3.882416248321533,
    44.87181091308594,
    66.90164947509766,
    62.90340805053711,
    55.94196319580078,
    39.53839874267578,
    51.19622039794922,
    54.97137451171875,
    47.04143524169922,
    63.634666442871094,
    68.76234436035156,
    56.25246810913086,
    98.20532989501953,
    27.692752838134766,
    45.71453094482422,
    49.5134391784668,
    71.15355682373047,
    58.591331481933594,
    47.355873107910156,
    49.377437591552734,
    86.10773468017578,
    55.12983322143555,
    95.07981872558594,
    49.024314880371094,
    53.93727111816406,
    36.244667053222656,
    53.116920471191406,
    44.661102294921875,
    50.8314208984375,
    56.857322692871094,
    50.090938568115234,
    51.93545150756836,
    74.17560577392578,
    35.521881103515625,
    82.68648529052734,
    32.95820999145508,
    59.2264404296875,
    50.876869201660156,
    53.4400634765625,
    64.5348129272461,
    92.82843017578125,
    64.32685852050781,
    51.917510986328125,
    58.9365348815918,
    59.80269241333008,
    26.80959701538086,
    58.221435546875,
    51.05608367919922,
    94.70185852050781,
    73.9884033203125,
    51.28376007080078,
    50.519920349121094,
    45.077178955078125,
    53.94127655029297,
    49.666908264160156,
    38.29619598388672,
    52.11460876464844,
    30.220491409301758,
    45.802696228027344,
    47.25028991699219,
    10.673179626464844,
    53.3690185546875,
    13.247806549072266,
    49.58864974975586,
    38.65208435058594,
    49.876522064208984,
    71.90125274658203,
    5.859864234924316,
    69.70720672607422,
    53.19731521606445,
    60.07305145263672,
    12.07382583618164,
    66.70763397216797,
    51.56034851074219,
    93.11239624023438,
    65.927734375,
    57.72462844848633
  ]
}