{
  "mae": 11.843791668425595,
  "mse": 295.0588915334341,
  "rmse": 17.177278350583777,
  "rho": 0.7643618067760912,
  "y_true": [
    42.868894258501065,
    53.03398401818215,
    48.52759384118717,
    69.91379705974721,
    67.37883770370706,
    89.5355564204594,
    68.66024721808975,
    50.0,
    49.90794810400107,
    56.49872147270768,
    81.12424662284798,
    97.54474363414323,
    97.54474363414323,
    58.030438371931574,
    53.85849714102531,
    40.54188880512549,
    53.94998785122574,
    85.91080336210311,
    97.54474363414323,
    24.00343786012863,
    50.55228953683342,
    66.40030811678618,
    49.26363724400336,
    2.455256365856777,
    90.65181167592985,
    50.0,
    53.85849714102531,
    48.711557303526725,
    37.73614059219312,
    51.9321294202434,
    85.4133838270865,
    50.0,
    80.02958035833291,
    50.0,
    87.87833592032835,
    97.54474363414323,
    14.223433018686771,
    49.26363724400336,
    37.563269360828336,
    69.21217783768152,
    39.83384732724953,
    46.050012148774265,
    49.44771046316657,
    89.57000510572337,
    79.37437388061464,
    97.54474363414323,
    74.90548382601366,
    50.0,
    2.455256365856777,
    51.56437324214209,
    2.455256365856777,
    51.9321294202434,
    53.49228039541688,
    50.0,
    52.39152574834706,
    88.34118629871756,
    46.050012148774265,
    50.0,
    11.73487553736184,
    67.29785473928087,
    2.455256365856777,
    51.74827500461166,
    78.20549023054933,
    97.54474363414323,
    50.0,
    47.24124461074959,
    44.68118376315084,
    50.0,
    12.80441483889645,
    60.16615267275047,
    36.70373410952743,
    94.53150601467506,
    97.54474363414323,
    48.98756640291563,
    39.393451294358464,
    38.430712075371815,
    54.22429789460686,
    42.14902195015802,
    46.966015981817854,
    53.12568673248709,
    11.284897623993226,
    34.01166567266681,
    60.782230092727296,
    2.455256365856777,
    39.13003349547192,
    2.455256365856777,
    28.410246577959374,
    49.723846807998605,
    46.50771960458313,
    97.54474363414323,
    2.455256365856777,
    97.54474363414323,
    56.77001476173856,
    64.73801693008373,
    2.455256365856777,
    48.43562675785791,
    41.87991073553265,
    97.54474363414323,
    82.33352267092977,
    61.132752485075265
  ],
  "y_pred": [
    52.244441986083984,
    48.84233093261719,
    18.2767333984375,
    39.712547302246094,
    49.84568405151367,
    46.11753845214844,
    51.367286682128906,
    51.10270690917969,
    37.18830108642578,
    50.41778564453125,
    69.74497985839844,
    98.42367553710938,
    98.40302276611328,
    51.47871398925781,
    64.84627532958984,
    46.379600524902344,
    48.10006332397461,
    68.96907806396484,
    93.69377899169922,
    74.93687438964844,
    67.57594299316406,
    54.831298828125,
    48.88917541503906,
    2.5470666885375977,
    27.648252487182617,
    52.22590637207031,
    56.83179473876953,
    51.0290641784668,
    25.867111206054688,
    54.32438659667969,
    56.404823303222656,
    58.97240447998047,
    57.810394287109375,
    39.030670166015625,
    73.44868469238281,
    98.38224792480469,
    19.56970977783203,
    30.685129165649414,
    48.713829040527344,
    61.02158737182617,
    51.775665283203125,
    40.5194206237793,
    47.53129196166992,
    93.68389892578125,
    60.528480529785156,
    64.18904113769531,
    54.544315338134766,
    71.88447570800781,
    9.333077430725098,
    73.08302307128906,
    30.624013900756836,
    46.34630584716797,
    52.20721435546875,
    51.70481872558594,
    45.76741027832031,
    86.182373046875,
    20.909130096435547,
    55.664031982421875,
    20.214820861816406,
    58.1727294921875,
    42.42844009399414,
    43.867347717285156,
    58.6064567565918,
    97.69294738769531,
    78.58049011230469,
    48.43049621582031,
    55.29720687866211,
    48.27403259277344,
    13.185876846313477,
    49.781105041503906,
    40.57806396484375,
    96.378173828125,
    57.805152893066406,
    66.11587524414062,
    33.121849060058594,
    38.18353271484375,
    53.00156021118164,
    48.202491760253906,
    42.35014343261719,
    54.64299774169922,
    9.353450775146484,
    46.46136474609375,
    55.32264709472656,
    2.402277946472168,
    47.15062713623047,
    3.729720115661621,
    38.47900390625,
    39.032066345214844,
    47.01641082763672,
    63.23101043701172,
    2.365841865539551,
    78.92700958251953,
    55.75775146484375,
    22.330692291259766,
    26.069196701049805,
    61.63078308105469,
    42.484310150146484,
    95.94438171386719,
    64.08785247802734,
    53.971588134765625
  ]
}