{
  "mae": 12.019432637226325,
  "mse": 318.37918381653816,
  "rmse": 17.843183118954368,
  "rho": 0.766892712765758,
  "y_true": [
    42.868894258501065,
    53.03398401818215,
    48.52759384118717,
    69.91379705974721,
    67.37883770370706,
    89.5355564204594,
    68.66024721808975,
    50.0,
    49.90794810400107,
    56.49872147270768,
    81.12424662284798,
    97.54474363414323,
    97.54474363414323,
    58.030438371931574,
    53.85849714102531,
    40.54188880512549,
    53.94998785122574,
    85.91080336210311,
    97.54474363414323,
    24.00343786012863,
    50.55228953683342,
    66.40030811678618,
    49.26363724400336,
    2.455256365856777,
    90.65181167592985,
    50.0,
    53.85849714102531,
    48.711557303526725,
    37.73614059219312,
    51.9321294202434,
    85.4133838270865,
    50.0,
    80.02958035833291,
    50.0,
    87.87833592032835,
    97.54474363414323,
    14.223433018686771,
    49.26363724400336,
    37.563269360828336,
    69.21217783768152,
    39.83384732724953,
    46.050012148774265,
    49.44771046316657,
    89.57000510572337,
    79.37437388061464,
    97.54474363414323,
    74.90548382601366,
    50.0,
    2.455256365856777,
    51.56437324214209,
    2.455256365856777,
    51.9321294202434,
    53.49228039541688,
    50.0,
    52.39152574834706,
    88.34118629871756,
    46.050012148774265,
    50.0,
    11.73487553736184,
    67.29785473928087,
    2.455256365856777,
    51.74827500461166,
    78.20549023054933,
    97.54474363414323,
    50.0,
    47.24124461074959,
    44.68118376315084,
    50.0,
    12.80441483889645,
    60.16615267275047,
    36.70373410952743,
    94.53150601467506,
    97.54474363414323,
    48.98756640291563,
    39.393451294358464,
    38.430712075371815,
    54.22429789460686,
    42.14902195015802,
    46.966015981817854,
    53.12568673248709,
    11.284897623993226,
    34.01166567266681,
    60.782230092727296,
    2.455256365856777,
    39.13003349547192,
    2.455256365856777,
    28.410246577959374,
    49.723846807998605,
    46.50771960458313,
    97.54474363414323,
    2.455256365856777,
    97.54474363414323,
    56.77001476173856,
    64.73801693008373,
    2.455256365856777,
    48.43562675785791,
    41.87991073553265,
    97.54474363414323,
    82.33352267092977,
    61.132752485075265
  ],
  "y_pred": [
    45.013484954833984,
    46.84396743774414,
    18.873428344726562,
    38.68623733520508,
    44.61061477661133,
    49.276702880859375,
    50.092132568359375,
    48.000267028808594,
    37.48482131958008,
    46.88197326660156,
    65.88091278076172,
    98.42203521728516,
    98.3739013671875,
    43.7592658996582,
    61.74430847167969,
    44.21771240234375,
    46.33427429199219,
    58.59500503540039,
    63.943172454833984,
    51.646663665771484,
    64.88322448730469,
    51.96958923339844,
    48.71379089355469,
    2.3980178833007812,
    29.03850555419922,
    51.14994812011719,
    56.89398956298828,
    48.42455291748047,
    23.965267181396484,
    49.70496368408203,
    54.949302673339844,
    51.557132720947266,
    53.933067321777344,
    41.74250411987305,
    73.0851058959961,
    98.31796264648438,
    18.808452606201172,
    23.176639556884766,
    46.7386474609375,
    66.47999572753906,
    52.27326202392578,
    42.12478256225586,
    44.80270004272461,
    89.4949951171875,
    50.51521682739258,
    83.14796447753906,
    53.067352294921875,
    40.98753356933594,
    5.730463981628418,
    67.10224914550781,
    27.928180694580078,
    46.20005798339844,
    51.96604919433594,
    49.61854553222656,
    45.50475311279297,
    70.69564819335938,
    20.885116577148438,
    45.71113204956055,
    16.787721633911133,
    58.073280334472656,
    27.556005477905273,
    38.777069091796875,
    52.982818603515625,
    96.79083251953125,
    46.429107666015625,
    46.30292892456055,
    52.706993103027344,
    49.4133415222168,
    14.313982009887695,
    52.85650634765625,
    41.596824645996094,
    94.6866226196289,
    41.917999267578125,
    83.81011962890625,
    42.10948944091797,
    38.71999740600586,
    50.17875671386719,
    43.732784271240234,
    33.802215576171875,
    51.362876892089844,
    23.35417938232422,
    39.01331329345703,
    47.748191833496094,
    2.504634380340576,
    48.843589782714844,
    4.725988388061523,
    27.314746856689453,
    39.96921920776367,
    47.60026550292969,
    74.76985168457031,
    2.369934320449829,
    46.1578369140625,
    53.97508239746094,
    20.041162490844727,
    34.8557014465332,
    50.71925735473633,
    42.360870361328125,
    95.16888427734375,
    71.54977416992188,
    53.546783447265625
  ]
}